elapsed, window, total, successful, failed
10.000031, 10.000031, 466337, 466337, 0
20.000545, 10.000514, 385221, 385221, 0
30.000625, 10.00008, 387360, 387360, 0
40.000536, 9.999911, 386156, 386156, 0
50.000514, 9.999978, 390564, 390564, 0
60.000525, 10.000011, 379453, 379453, 0
70.000533, 10.000008, 383337, 383337, 0
80.000591, 10.000058, 381481, 381481, 0
90.000526, 9.999935, 377806, 377806, 0
100.000535, 10.000009, 382734, 382734, 0
110.000576, 10.000041, 380114, 380114, 0
